{
  "total_problems": 133,
  "problems_by_model": {
    "se-gpt-4o": 133
  },
  "acceptance_rate_by_model": {
    "se-gpt-4o": 96.99248120300751
  },
  "avg_complexity_by_model": {
    "se-gpt-4o": 3.5037593984962405
  },
  "avg_loc_by_model": {
    "se-gpt-4o": 18.63157894736842
  }
}
