{
  "total_problems": 133,
  "problems_by_model": {
    "se-gpt-4o": 133
  },
  "acceptance_rate_by_model": {
    "se-gpt-4o": 98.49624060150376
  },
  "avg_complexity_by_model": {
    "se-gpt-4o": 3.699248120300752
  },
  "avg_loc_by_model": {
    "se-gpt-4o": 19.654135338345863
  }
}
