{
  "total_problems": 133,
  "problems_by_model": {
    "se-gpt-4o": 133
  },
  "acceptance_rate_by_model": {
    "se-gpt-4o": 97.74436090225564
  },
  "avg_complexity_by_model": {
    "se-gpt-4o": 3.511278195488722
  },
  "avg_loc_by_model": {
    "se-gpt-4o": 18.789473684210527
  }
}
